,description,whitelist,R1.finalLength,BC.length,UMI.length,STAR.soloType,STAR.soloCBmatchWLtype,STAR.soloCB,STAR.soloUMI,STAR.soloAdapter,STAR.extra,kb.x,featureCounts.extra,minimap2.extra
seeker,TODO,,50,14,7,CB_UMI_Complex,1MM_multi,--soloCBposition  0_0_0_7 0_26_0_31,--soloUMIposition  0_32_0_39,,--outFilterMultimapNmax 50,"0,0,8,0,26,32:0,32,39:1,0,0",,--secondary=no
seeker_hardTrim,TODO,,32,14,7,CB_UMI_Simple,1MM_multi,--soloCBstart 1 --soloCBlen 14,--soloUMIstart 15 --soloUMIlen 7,,--outFilterMultimapNmax 50,"0,0,14:0,14,21:1,0,0",,--secondary=no
seeker_matchLinker,TODO,,50,14,7,CB_UMI_Complex,1MM,--soloCBposition  0_0_2_-1 3_1_3_6,--soloUMIposition  3_7_3_14,--soloAdapterSequence TCTTCAGCGTTCCCGAGA --soloAdapterMismatchesNmax 2,--outFilterMultimapNmax 50,"0,0,8,0,26,32:0,32,39:1,0,0",,--secondary=no
seeker_matchLinker_total,TODO,,50,14,7,CB_UMI_Complex,1MM,--soloCBposition  0_0_2_-1 3_1_3_6,--soloUMIposition  3_7_3_14,--soloAdapterSequence TCTTCAGCGTTCCCGAGA --soloAdapterMismatchesNmax 2,--outFilterMultimapNmax 50 --outFilterMismatchNoverLmax 0.05  --outFilterMatchNmin 12  --outFilterScoreMinOverLread 0  --outFilterMatchNminOverLread 0,"0,0,8,0,26,32:0,32,39:1,0,0",,-M --secondary=yes
seeker_total,TODO,,50,14,7,CB_UMI_Complex,1MM_multi,--soloCBposition  0_0_2_-1 3_1_3_6,--soloUMIposition  3_7_3_14,--soloAdapterSequence TCTTCAGCGTTCCCGAGA --soloAdapterMismatchesNmax 2,--outFilterMultimapNmax 50 --outFilterMismatchNoverLmax 0.05  --outFilterMatchNmin 12  --outFilterScoreMinOverLread 0  --outFilterMatchNminOverLread 0,"0,0,8,0,26,32:0,32,39:1,0,0",,-M --secondary=yes
seeker_internalTrim,TODO,,32,14,7,CB_UMI_Simple,1MM_multi,--soloCBstart 1 --soloCBlen 14,--soloUMIstart 15 --soloUMIlen 7,,--outFilterMultimapNmax 50,"0,0,14:0,14,21:1,0,0",,--secondary=no
seeker_internalTrim_rRNA.STAR,TODO,,32,14,7,CB_UMI_Simple,1MM_multi,--soloCBstart 1 --soloCBlen 14,--soloUMIstart 15 --soloUMIlen 7,,--outFilterMultimapNmax 50,"0,0,14:0,14,21:1,0,0",,--secondary=no
seeker_internalTrim_rRNA.bwa,TODO,,32,14,7,CB_UMI_Simple,1MM_multi,--soloCBstart 1 --soloCBlen 14,--soloUMIstart 15 --soloUMIlen 7,,--outFilterMultimapNmax 50,"0,0,14:0,14,21:1,0,0",,--secondary=no
seeker_internalTrim_total,TODO,,32,14,7,CB_UMI_Simple,1MM_multi,--soloCBstart 1 --soloCBlen 14,--soloUMIstart 15 --soloUMIlen 7,,--outFilterMultimapNmax 50 --outFilterMismatchNoverLmax 0.05  --outFilterMatchNmin 12  --outFilterScoreMinOverLread 0  --outFilterMatchNminOverLread 0,"0,0,14:0,14,21:1,0,0",,-M --secondary=yes
seeker_internalTrim_total_rRNA.STAR,TODO,,32,14,7,CB_UMI_Simple,1MM_multi,--soloCBstart 1 --soloCBlen 14,--soloUMIstart 15 --soloUMIlen 7,,--outFilterMultimapNmax 50 --outFilterMismatchNoverLmax 0.05  --outFilterMatchNmin 12  --outFilterScoreMinOverLread 0  --outFilterMatchNminOverLread 0,"0,0,14:0,14,21:1,0,0",,-M --secondary=yes
seeker_internalTrim_total_rRNA.bwa,TODO,,32,14,7,CB_UMI_Simple,1MM_multi,--soloCBstart 1 --soloCBlen 14,--soloUMIstart 15 --soloUMIlen 7,,--outFilterMultimapNmax 50 --outFilterMismatchNoverLmax 0.05  --outFilterMatchNmin 12  --outFilterScoreMinOverLread 0  --outFilterMatchNminOverLread 0,"0,0,14:0,14,21:1,0,0",,-M --secondary=yes
seeker_internalTrim_microbe,TODO,,32,14,7,CB_UMI_Simple,1MM_multi,--soloCBstart 1 --soloCBlen 14,--soloUMIstart 15 --soloUMIlen 7,,--outFilterMultimapNmax 50,"0,0,14:0,14,21:1,0,0",,--secondary=no
seeker_adapterInsert,TODO,,39,14,7,CB_UMI_Simple,1MM_multi,--soloCBstart 1 --soloCBlen 32,--soloUMIstart 33 --soloUMIlen 7,,--outFilterMultimapNmax 50,"0,0,32:0,33,40:1,0,0",,--secondary=no
seeker_adapterInsert_total,TODO,,39,14,7,CB_UMI_Simple,1MM_multi,--soloCBstart 1 --soloCBlen 32,--soloUMIstart 33 --soloUMIlen 7,,--outFilterMultimapNmax 50 --outFilterMismatchNoverLmax 0.05  --outFilterMatchNmin 12  --outFilterScoreMinOverLread 0  --outFilterMatchNminOverLread 0,"0,0,32:0,33,40:1,0,0",,-M --secondary=yes
seeker_adapterInsert_rRNA.STAR,TODO,,39,14,7,CB_UMI_Simple,1MM_multi,--soloCBstart 1 --soloCBlen 32,--soloUMIstart 33 --soloUMIlen 7,,--outFilterMultimapNmax 50,"0,0,32:0,33,40:1,0,0",,--secondary=no
seeker_adapterInsert_total_rRNA.STAR,TODO,,39,14,7,CB_UMI_Simple,1MM_multi,--soloCBstart 1 --soloCBlen 32,--soloUMIstart 33 --soloUMIlen 7,,--outFilterMultimapNmax 50 --outFilterMismatchNoverLmax 0.05  --outFilterMatchNmin 12  --outFilterScoreMinOverLread 0  --outFilterMatchNminOverLread 0,"0,0,32:0,33,40:1,0,0",,-M --secondary=yes
stomics,TODO,,35,25,10,CB_UMI_Simple,1MM_multi,--soloCBstart 1 --soloCBlen 25,--soloUMIstart 25 --soloUMIlen 10,,--outFilterMultimapNmax 50,"0,0,25:0,26,35:1,0,0",,--secondary=no
stomics_rRNA.STAR,TODO,,35,25,10,CB_UMI_Simple,1MM_multi,--soloCBstart 1 --soloCBlen 25,--soloUMIstart 25 --soloUMIlen 10,,--outFilterMultimapNmax 50,"0,0,25:0,26,35:1,0,0",,--secondary=no
stomics_total,TODO,,35,25,10,CB_UMI_Simple,1MM_multi,--soloCBstart 1 --soloCBlen 25,--soloUMIstart 25 --soloUMIlen 10,,--outFilterMultimapNmax 50 --outFilterMismatchNoverLmax 0.05  --outFilterMatchNmin 12  --outFilterScoreMinOverLread 0  --outFilterMatchNminOverLread 0,"0,0,25:0,26,35:1,0,0",,-M --secondary=yes
stomics_total_rRNA.STAR,TODO,,35,25,10,CB_UMI_Simple,1MM_multi,--soloCBstart 1 --soloCBlen 25,--soloUMIstart 25 --soloUMIlen 10,,--outFilterMultimapNmax 50 --outFilterMismatchNoverLmax 0.05  --outFilterMatchNmin 12  --outFilterScoreMinOverLread 0  --outFilterMatchNminOverLread 0,"0,0,25:0,26,35:1,0,0",,-M --secondary=yes
visium,TODO,resources/whitelists/visium-v1.txt,28,16,12,CB_UMI_Simple,1MM_multi,--soloCBstart 1 --soloCBlen 16,--soloUMIstart 16 --soloUMIlen 12,,--outFilterMultimapNmax 50,"0,0,16:0,27,28:1,0,0",,--secondary=no
visium_total,TODO,resources/whitelists/visium-v1.txt,28,16,12,CB_UMI_Simple,1MM_multi,--soloCBstart 1 --soloCBlen 16,--soloUMIstart 16 --soloUMIlen 12,,--outFilterMultimapNmax 50 --outFilterMismatchNoverLmax 0.05  --outFilterMatchNmin 12  --outFilterScoreMinOverLread 0  --outFilterMatchNminOverLread 0,"0,0,16:0,27,28:1,0,0",,-M --secondary=yes
visium_rRNA.STAR,TODO,resources/whitelists/visium-v1.txt,28,16,12,CB_UMI_Simple,1MM_multi,--soloCBstart 1 --soloCBlen 16,--soloUMIstart 16 --soloUMIlen 12,,--outFilterMultimapNmax 50,"0,0,16:0,27,28:1,0,0",,--secondary=no
visium_total_rRNA.STAR,TODO,resources/whitelists/visium-v1.txt,28,16,12,CB_UMI_Simple,1MM_multi,--soloCBstart 1 --soloCBlen 16,--soloUMIstart 16 --soloUMIlen 12,,--outFilterMultimapNmax 50 --outFilterMismatchNoverLmax 0.05  --outFilterMatchNmin 12  --outFilterScoreMinOverLread 0  --outFilterMatchNminOverLread 0,"0,0,16:0,27,28:1,0,0",,-M --secondary=yes
visium_rRNA.bwa,TODO,resources/whitelists/visium-v1.txt,28,16,12,CB_UMI_Simple,1MM_multi,--soloCBstart 1 --soloCBlen 16,--soloUMIstart 16 --soloUMIlen 12,,--outFilterMultimapNmax 50,"0,0,16:0,27,28:1,0,0",,"--secondary=no"""
visium_total_rRNA.bwa,TODO,resources/whitelists/visium-v1.txt,28,16,12,CB_UMI_Simple,1MM_multi,--soloCBstart 1 --soloCBlen 16,--soloUMIstart 16 --soloUMIlen 12,,--outFilterMultimapNmax 50 --outFilterMismatchNoverLmax 0.05  --outFilterMatchNmin 12  --outFilterScoreMinOverLread 0  --outFilterMatchNminOverLread 0,"0,0,16:0,27,28:1,0,0",,-M --secondary=yes
decoderseq,TODO,resources/whitelists/decoderseq.txt,58,16,12,CB_UMI_Complex,1MM,--soloCBposition 0_0_0_7 0_38_0_45,--soloUMIposition  0_46_0_58,,--outFilterMultimapNmax 50,"0,0,8,0,38,46:0,46,58:1,0,0",,--secondary=no
